ID1,ID2,Distance
N1,N2,0.00930872
N1,N3,0.0132214
N2,N3,0.00386217
N2,N4,0.00774443
N3,N4,0.0038597
N3,N5,0.0148067
N4,N5,0.0108856
N4,N6,0.0148243
N5,N6,0.00386244
N5,N7,0.0124749
N6,N7,0.00854739
N6,N8,0.0141226
N7,N8,0.00544887
